lambda,sigma_inst,sigma_ale_med,sigma_epi_med,sigma_total_med,ratio_ale_inst,ratio_total_inst
0,0.00013457260900473356,6.72863e-05,7.6937185e-06,6.772473e-05,0.4999999851962187,0.5032579095331275
1,0.00013312769719795472,6.656385e-05,8.5277825e-06,6.710789e-05,0.5000000169147433,0.504086603809721
2,0.00013317079357750335,6.6585395e-05,6.623557e-06,6.691402e-05,0.4999999862773372,0.5024676887875799
3,0.00013412611931693083,6.706306e-05,9.376253e-06,6.771535e-05,0.5000000143163728,0.5048632699106856
4,0.0001338177163785294,6.6908855e-05,6.9484695e-06,6.726869e-05,0.49999997566634025,0.5026889505909428
5,0.00013072761071401557,6.5363805e-05,7.035127e-06,6.574131e-05,0.49999999982108057,0.5028877278441999
6,0.00012740068070007864,6.370034e-05,7.44229e-06,6.4133616e-05,0.4999999935168013,0.5034008858635778
7,0.00012510534523622148,6.255267e-05,7.138562e-06,6.295869e-05,0.5000000080544044,0.5032453768755369
8,0.00012427607738710745,6.213804e-05,8.692923e-06,6.274315e-05,0.4999999994821737,0.5048690966058005
9,0.00012550083445942578,6.275042e-05,7.192174e-06,6.316124e-05,0.5000000189009514,0.503273482352722
10,0.00012751778077593488,6.375889e-05,7.769257e-06,6.42305e-05,0.49999999033098985,0.5036984002136463
11,0.00012673229041216256,6.336615e-05,9.177158e-06,6.402725e-05,0.5000000182180646,0.5052165323569022
12,0.0001239844157418354,6.199221e-05,7.975588e-06,6.250315e-05,0.499999989835993,0.504121046861114
13,0.00012189203355733957,6.094602e-05,8.9095765e-06,6.159381e-05,0.5000000140665375,0.505314496394878
14,0.00012102466757190218,6.0512335e-05,7.354498e-06,6.0957616e-05,0.5000000103592447,0.5036792712815346
15,0.00012072375814051244,6.036188e-05,6.9133375e-06,6.0756487e-05,0.500000000661793,0.5032686855445742
16,0.00012015428609666523,6.0077142e-05,7.127203e-06,6.049843e-05,0.4999999898176273,0.5035062222915876
17,0.00011942622823291171,5.9713115e-05,7.987905e-06,6.0245024e-05,0.5000000053174837,0.5044538752023093
18,0.00011895924231348296,5.9479622e-05,7.772975e-06,5.998537e-05,0.5000000070525384,0.5042514478481206
19,0.00011897008281257862,5.9485043e-05,7.725874e-06,5.998466e-05,0.5000000099002988,0.5041995377957296
20,0.00011852991548453538,5.926496e-05,1.3364289e-05,6.0753104e-05,0.5000000141394445,0.5125550246512464
21,0.00011607168928565501,5.8035846e-05,7.895471e-06,5.8570455e-05,0.5000000155726051,0.5046058610199308
22,0.00011332457195585353,5.6662288e-05,8.094759e-06,5.7237572e-05,0.5000000137309581,0.5050764459007258
23,0.00011189948741310614,5.5949742e-05,7.5717917e-06,5.6459772e-05,0.49999998556146424,0.5045579159741043
24,0.00011158784120312121,5.579392e-05,8.7770195e-06,5.6480065e-05,0.4999999962456695,0.5061489155498916
25,0.00011165095003851567,5.5825476e-05,7.954091e-06,5.6389283e-05,0.5000000088806933,0.505049734649896
26,0.0001120615540608764,5.6030778e-05,7.1873965e-06,5.648988e-05,0.5000000092661404,0.5040968827689757
27,0.00011252140381510417,5.6260702e-05,7.537538e-06,5.6763376e-05,0.5000000005319095,0.5044673646657333
28,0.00011168183879234379,5.584092e-05,9.892342e-06,5.6710374e-05,0.49999999851954346,0.5077851058962111
29,0.00011001152869652379,5.5005763e-05,8.575411e-06,5.5670207e-05,0.4999999876353057,0.5060397554230888
30,0.000108967646307317,5.4483822e-05,6.4406468e-06,5.4863183e-05,0.49999999095961956,0.5034814018820507
31,0.0001080840747396696,5.4042037e-05,8.168374e-06,5.465587e-05,0.4999999959875488,0.5056792093926712
32,0.00010704894245806367,5.3524473e-05,6.456319e-06,5.391246e-05,0.5000000128555439,0.5036243999152247
33,0.00010634949540787355,5.3174746e-05,7.1134573e-06,5.364844e-05,0.49999998798851,0.5044541129723388
34,0.00010640250167180879,5.320125e-05,7.73067e-06,5.3759988e-05,0.49999998370551596,0.5052511663967892
35,0.00010736916052359411,5.368458e-05,9.164385e-06,5.4461183e-05,0.49999999805071826,0.5072330151493107
36,0.0001090024110178602,5.4501204e-05,9.284094e-06,5.5286306e-05,0.49999999011361046,0.5072025949467586
37,0.00010992357948511404,5.496179e-05,7.4460854e-06,5.5463886e-05,0.5000000090572436,0.5045676882341099
38,0.00010936090369229192,5.468045e-05,7.654204e-06,5.5213575e-05,0.4999999948697211,0.504874899413364
39,0.00010739471238657603,5.3697357e-05,7.626979e-06,5.423631e-05,0.5000000041043623,0.5050184263001908
40,0.00010569792894102155,5.2848965e-05,7.145888e-06,5.3329888e-05,0.5000000090241601,0.504549980941508
41,0.00010498708415524452,5.2493542e-05,7.330971e-06,5.3002972e-05,0.5000000008879978,0.5048523102404755
42,0.00010392881411727014,5.1964405e-05,6.7294995e-06,5.2398336e-05,0.49999998432274634,0.5041752540959841
43,0.00010250330670666243,5.1251653e-05,7.2007424e-06,5.1755025e-05,0.4999999928597431,0.5049107863921174
44,0.00010146145543923095,5.0730727e-05,1.0273128e-05,5.1760446e-05,0.49999999091723585,0.5101488595979895
45,0.00010146524510068963,5.0732622e-05,7.944331e-06,5.1350864e-05,0.4999999963995424,0.5060931345557895
46,0.0001026879643867709,5.134398e-05,6.623037e-06,5.1769384e-05,0.4999999872642427,0.5041426676296475
47,0.00010361744253991553,5.180872e-05,7.2695557e-06,5.231625e-05,0.5000000047703188,0.5048980907969475
48,0.00010295793010460215,5.1478964e-05,6.748961e-06,5.1919476e-05,0.49999999416202046,0.5042785566716471
49,0.00010236601102893107,5.1183004e-05,7.1608974e-06,5.1681505e-05,0.49999998482773667,0.5048697781994689
50,0.00010315364559468784,5.1576822e-05,7.4088384e-06,5.2106232e-05,0.49999999656650845,0.5051322397062669
51,0.00010433796615332581,5.2168984e-05,7.912195e-06,5.2765572e-05,0.500000004340623,0.5057178511474073
52,0.0001043404433339185,5.217022e-05,7.180636e-06,5.266207e-05,0.4999999882633222,0.5047138947891545
53,0.00010275649227358727,5.1378247e-05,7.378537e-06,5.1905365e-05,0.5000000084779735,0.5051297832652687
54,0.00010088450145382656,5.044225e-05,8.225134e-06,5.1108447e-05,0.49999998913276666,0.5066035564150609
55,9.940137208006829e-05,4.9700688e-05,7.550655e-06,5.0270974e-05,0.5000000163829222,0.505737220084311
56,9.88047139462152e-05,4.9402355e-05,7.73669e-06,5.000449e-05,0.4999999822208476,0.5060941896754105
57,9.92841030233438e-05,4.964205e-05,7.3506167e-06,5.0183313e-05,0.499999992087701,0.505451641530217
58,9.926497114849664e-05,4.9632486e-05,9.443622e-06,5.052292e-05,0.5000000091227974,0.5089702966320793
59,9.800072630553717e-05,4.9000362e-05,7.507856e-06,4.9572205e-05,0.49999999023956343,0.5058350793894896
60,9.685840131794787e-05,4.84292e-05,7.925952e-06,4.9073496e-05,0.49999998827723147,0.5066519353660275
61,9.702897527628385e-05,4.851449e-05,8.322737e-06,4.92232e-05,0.5000000068076247,0.5073041240716968
62,9.80821569854356e-05,4.904108e-05,1.10414e-05,5.0268674e-05,0.49999999961593306,0.5125159960868152
63,9.826078545565303e-05,4.9130394e-05,7.5566595e-06,4.9708135e-05,0.5000000177579903,0.505879679066594
64,9.677505052066566e-05,4.8387526e-05,7.636618e-06,4.8986432e-05,0.5000000125647803,0.5061886520526861
65,9.513543957855889e-05,4.756772e-05,8.008008e-06,4.823708e-05,0.49999999029561365,0.5070358818373824
66,9.484981815372196e-05,4.742491e-05,1.0320302e-05,4.853484e-05,0.5000000098167295,0.5117019736765949
67,9.574064137827836e-05,4.7870322e-05,8.968782e-06,4.8703252e-05,0.5000000168800236,0.5086998729474997
68,9.655907290627281e-05,4.8279537e-05,7.3816063e-06,4.8840575e-05,0.5000000026951787,0.505810313014105
69,9.637146175738327e-05,4.818573e-05,7.4185677e-06,4.875346e-05,0.5000000057189946,0.5058910486726521
70,9.55039151348074e-05,4.7751957e-05,8.804377e-06,4.8556838e-05,0.4999999943392083,0.508427721957077
71,9.47406715357227e-05,4.7370337e-05,8.012961e-06,4.8043275e-05,0.5000000097110295,0.5071029651462448
72,9.443496202983733e-05,4.721748e-05,9.147456e-06,4.809539e-05,0.4999999864185319,0.5092964350102344
73,9.37958058959247e-05,4.68979e-05,8.141709e-06,4.7599377e-05,0.49999998439249954,0.5074787310899987
74,9.316900701851187e-05,4.6584504e-05,9.156309e-06,4.7475827e-05,0.5000000070031079,0.509566739827194
75,9.299944325586559e-05,4.649972e-05,7.957849e-06,4.717575e-05,0.4999999939536894,0.5072691494255979
76,9.369401713969831e-05,4.684701e-05,7.901881e-06,4.7508758e-05,0.5000000131135663,0.5070628797214023
77,9.462565488279251e-05,4.7312828e-05,6.887587e-06,4.7811533e-05,0.5000000008191442,0.5052702951112182
78,9.471650202482241e-05,4.735825e-05,9.390453e-06,4.828027e-05,0.5000000032716838,0.509734529390101
79,9.414406597737378e-05,4.7072033e-05,7.3817537e-06,4.7647314e-05,0.5000000037278911,0.5061106476516546
80,9.375874502573893e-05,4.6879373e-05,8.512692e-06,4.7646005e-05,0.5000000079471018,0.5081766454843041
81,9.332890834582866e-05,4.6664452e-05,7.1726945e-06,4.721248e-05,0.4999999808320791,0.5058719960007168
82,9.311964701204037e-05,4.6559824e-05,7.4932127e-06,4.7158937e-05,0.5000000065236615,0.5064338073714119
83,9.232889816906362e-05,4.616445e-05,6.52161e-06,4.6622823e-05,0.499999994500256,0.5049645768233094
84,9.118951004092543e-05,4.5594756e-05,7.583845e-06,4.622117e-05,0.5000000068758836,0.5068693568326448
85,8.983360462281615e-05,4.4916804e-05,7.7302775e-06,4.5577148e-05,0.5000000159566828,0.5073507627953856
86,8.886208577179192e-05,4.4431043e-05,6.76933e-06,4.4943758e-05,0.4999999970599556,0.5057697795351878
87,8.901295790776063e-05,4.450648e-05,7.2966054e-06,4.5100634e-05,0.500000008979603,0.5066749326394808
88,9.009356720922087e-05,4.5046785e-05,7.358757e-06,4.5643883e-05,0.5000000164833361,0.506627546529322
89,9.10068624414763e-05,4.550343e-05,6.1891014e-06,4.5922403e-05,0.5000000026892324,0.5046037375731479
90,9.09695541165119e-05,4.5484776e-05,7.0831575e-06,4.603299e-05,0.49999998737927237,0.506026336609215
91,9.038647528219951e-05,4.519324e-05,6.3577727e-06,4.563825e-05,0.5000000172746013,0.5049234543066273
92,8.963859470753345e-05,4.48193e-05,7.156248e-06,4.538702e-05,0.5000000143141469,0.5063334597079999
93,8.807594187238599e-05,4.403797e-05,6.863437e-06,4.4569602e-05,0.49999998855844935,0.5060360567933576
94,8.71071200202603e-05,4.355356e-05,7.023448e-06,4.4116223e-05,0.4999999826450238,0.5064594357194586
95,8.669600731458576e-05,4.3348005e-05,6.849243e-06,4.3885782e-05,0.5000000203300825,0.5062030388756694
96,8.62506670709249e-05,4.3125332e-05,7.112917e-06,4.3707983e-05,0.49999998234846044,0.5067553087659022
97,8.59987767142224e-05,4.299939e-05,8.34134e-06,4.3800974e-05,0.5000000054369551,0.5093208935358716
98,8.575991932711329e-05,4.287996e-05,8.244018e-06,4.3665263e-05,0.5000000185733248,0.5091569929200597
99,8.506968487197591e-05,4.253484e-05,8.801405e-06,4.3435903e-05,0.4999999802855971,0.5105920245403057
100,8.44487995457185e-05,4.22244e-05,8.39436e-06,4.3050728e-05,0.5000000158733471,0.5097849609845757
101,8.445053446475722e-05,4.2225267e-05,9.397812e-06,4.3258435e-05,0.4999999966835241,0.5122339961231744
102,8.421529121215867e-05,4.2107644e-05,9.385668e-06,4.3140986e-05,0.4999999788094329,0.5122702256901271
103,8.361160487242234e-05,4.18058e-05,1.00120105e-05,4.2987966e-05,0.49999997947263397,0.5141387446972346
104,8.290777022894944e-05,4.1453884e-05,1.1075261e-05,4.290788e-05,0.49999999232261616,0.5175374875874623
105,8.245251746091253e-05,4.122626e-05,1.0600248e-05,4.2567237e-05,0.5000000127530704,0.5162636420452111
106,8.196802060529838e-05,4.098401e-05,1.2083391e-05,4.2728178e-05,0.5000000013242287,0.5212786302399995
107,8.107316710542176e-05,4.0536583e-05,1.346757e-05,4.271522e-05,0.4999999891574005,0.5268724603858057
108,7.993784145022732e-05,3.996892e-05,1.4328429e-05,4.2459607e-05,0.49999998763354603,0.531157791940084
109,7.89797054944118e-05,3.9489852e-05,1.3073126e-05,4.1597537e-05,0.499999996836507,0.526686407434867
110,7.83961172251817e-05,3.9198057e-05,1.32261675e-05,4.1369305e-05,0.4999999857212838,0.5276958422551263
111,7.831192223500884e-05,3.9155962e-05,1.2804418e-05,4.119639e-05,0.5000000168928769,0.5260551288010322
112,7.880964578182873e-05,3.9404822e-05,1.3989222e-05,4.181433e-05,0.49999998893259373,0.5305737814879126
113,7.927659162635779e-05,3.9638297e-05,1.4398724e-05,4.2172476e-05,0.5000000097307391,0.5319663140993222
114,7.880139456732683e-05,3.9400697e-05,1.447959e-05,4.197706e-05,0.49999999069896334,0.5326943615999635
115,7.786972329322248e-05,3.893486e-05,1.35049395e-05,4.1210515e-05,0.4999999870787653,0.529223848074066
116,7.706728684108555e-05,3.8533643e-05,1.6477734e-05,4.190892e-05,0.49999998818145214,0.5437964789858152
117,7.72400337041528e-05,3.8620015e-05,1.5265781e-05,4.1527695e-05,0.4999999812335779,0.5376447088181979
118,7.770612701064871e-05,3.8853064e-05,1.5537818e-05,4.1844763e-05,0.5000000105476273,0.5385001811655699
119,7.728823929232919e-05,3.864412e-05,1.5704756e-05,4.1713396e-05,0.5000000129899261,0.5397120757326536
120,7.570929091640555e-05,3.7854647e-05,1.6602517e-05,4.133543e-05,0.5000000138553956,0.5459756358788614
121,7.393429897207247e-05,3.696715e-05,1.6403454e-05,4.044309e-05,0.500000015922546,0.5470139139559611
122,7.29204485752554e-05,3.6460224e-05,1.7045939e-05,4.024813e-05,0.4999999930707259,0.551945740302113
123,7.260779953042764e-05,3.63039e-05,1.3520634e-05,3.8739912e-05,0.5000000009336101,0.5335502868926357
124,7.264766699665032e-05,3.6323832e-05,1.5172199e-05,3.9365164e-05,0.4999999837649307,0.5418641236412308
125,7.263951049282532e-05,3.6319754e-05,1.629313e-05,3.9806917e-05,0.4999999848323571,0.5480064035706738
126,7.19905550289761e-05,3.599528e-05,1.4909303e-05,3.8960847e-05,0.5000000230915171,0.541193865047653
127,7.123214927723503e-05,3.5616074e-05,1.4115109e-05,3.831111e-05,0.4999999974349288,0.5378345504494295
128,7.097328852219808e-05,3.5486642e-05,1.2547142e-05,3.7639507e-05,0.4999999744242404,0.5303334273808884
129,7.110174389684924e-05,3.555087e-05,1.2281058e-05,3.761235e-05,0.4999999861229544,0.5289933520792556
130,7.114396232231574e-05,3.5571982e-05,1.0506354e-05,3.7091093e-05,0.5000000139379664,0.5213526454317676
131,7.076209623459627e-05,3.5381046e-05,8.586127e-06,3.6407968e-05,0.499999976763697,0.5145122854197846
132,7.016592090818534e-05,3.508296e-05,8.333598e-06,3.6059162e-05,0.500000013531345,0.5139127601830586
133,6.98032348827559e-05,3.490162e-05,8.204617e-06,3.5853016e-05,0.5000000233879834,0.5136297203965965
134,6.952291594269867e-05,3.476146e-05,6.8210684e-06,3.5424368e-05,0.5000000099691546,0.5095351229784509
135,6.897921434436729e-05,3.4489607e-05,6.2394492e-06,3.504945e-05,0.49999999837504167,0.5081160850540057
136,6.851977252798257e-05,3.4259887e-05,6.354058e-06,3.484414e-05,0.5000000091116795,0.5085267758960075
137,6.828027323175182e-05,3.4140136e-05,7.0285855e-06,3.4856133e-05,0.49999998424219166,0.510486144462306
138,6.803682465448285e-05,3.4018412e-05,6.4899345e-06,3.4631947e-05,0.5000000011726082,0.5090176796870798
139,6.764541712385474e-05,3.3822707e-05,6.893687e-06,3.451809e-05,0.4999999818933351,0.5102797833735795
140,6.710036641143128e-05,3.3550183e-05,6.4539263e-06,3.4165303e-05,0.4999999925627944,0.5091671611422897
141,6.667963893914103e-05,3.333982e-05,6.637303e-06,3.399408e-05,0.5000000112562792,0.509812022764352
142,6.65195909192369e-05,3.3259796e-05,7.628889e-06,3.412351e-05,0.5000000021151229,0.5129843630308889
143,6.636536140241427e-05,3.318268e-05,6.466784e-06,3.3806944e-05,0.5000000099801234,0.509406462355127
144,6.59374506018514e-05,3.2968725e-05,6.8994837e-06,3.3682925e-05,0.49999998867128265,0.5108314769519439
145,6.548098462900621e-05,3.2740492e-05,6.9333555e-06,3.346657e-05,0.5000000000151822,0.5110883904596679
146,6.519842876152696e-05,3.2599215e-05,6.739914e-06,3.3288667e-05,0.5000000102109695,0.5105746753788644
147,6.481109033697919e-05,3.2405544e-05,5.9423674e-06,3.2945878e-05,0.4999999759028698,0.5083370434864066
148,6.431943794481655e-05,3.2159718e-05,6.784999e-06,3.286767e-05,0.49999998647947197,0.5110067784926025
149,6.391954909053592e-05,3.1959775e-05,7.116202e-06,3.2742442e-05,0.50000000379023,0.5122445752200366
150,6.355466121051422e-05,3.177733e-05,6.9409325e-06,3.252653e-05,0.4999999928424604,0.5117882403966918
151,6.327355951064946e-05,3.163678e-05,6.866782e-06,3.2373424e-05,0.5000000114076749,0.5116422110943797
152,6.306771136109813e-05,3.1533855e-05,7.282314e-06,3.236381e-05,0.49999998573231275,0.5131597138280847
153,6.289433082758582e-05,3.1447165e-05,6.5020386e-06,3.2112315e-05,0.4999999995219217,0.5105756721849795
154,6.280317907985384e-05,3.140159e-05,7.2695184e-06,3.223206e-05,0.4999999879831295,0.5132233715489415
155,6.275129327261936e-05,3.1375646e-05,7.252923e-06,3.2203046e-05,0.49999999557054864,0.513185382338874
156,6.25718344731166e-05,3.1285916e-05,7.4890895e-06,3.2169784e-05,0.4999999740221882,0.5141256391317116
157,6.230880747799379e-05,3.1154403e-05,6.919993e-06,3.191368e-05,0.499999982959162,0.5121857228181292
158,6.165493086380702e-05,3.0827465e-05,6.8841096e-06,3.1586766e-05,0.4999999897147459,0.5123153185308532
159,6.122238663627759e-05,3.0611194e-05,7.558893e-06,3.1530653e-05,0.5000000149537472,0.5150183632450033
160,6.126440736800955e-05,3.0632204e-05,7.2055327e-06,3.1468262e-05,0.49999999799637446,0.5136467220485774
161,6.12686239024586e-05,3.0634314e-05,7.329765e-06,3.1498996e-05,0.5000000267303647,0.5141129939189827
162,6.063864124840865e-05,3.0319321e-05,7.4076906e-06,3.1211137e-05,0.5000000064106812,0.5147070632542953
163,5.979346549071311e-05,2.9896733e-05,7.806376e-06,3.0899093e-05,0.5000000108598991,0.5167637083570418
164,5.926970072450112e-05,2.963485e-05,7.5076646e-06,3.0571056e-05,0.4999999913961045,0.5157956939172915
165,5.899899626618899e-05,2.9499499e-05,7.495946e-06,3.0436979e-05,0.5000000121644087,0.515889771534497
166,5.871263780579744e-05,2.9356319e-05,7.538681e-06,3.030883e-05,0.5000000002720534,0.5162232874172842
167,5.84603819445611e-05,2.923019e-05,7.534878e-06,3.0185733e-05,0.49999998668071094,0.5163451145560274
168,5.839537301829265e-05,2.9197687e-05,7.584089e-06,3.0166593e-05,0.5000000027884322,0.5165921826751507
169,5.835493216070129e-05,2.9177467e-05,7.71321e-06,3.0179765e-05,0.5000000120883938,0.5171758991135427
170,5.7884949108301896e-05,2.8942475e-05,7.4483587e-06,2.988553e-05,0.5000000108586399,0.5162918979691201
171,5.739975639337461e-05,2.8699878e-05,7.8994835e-06,2.9767178e-05,0.5000000032796995,0.5185941468013842
172,5.714077654943728e-05,2.8570388e-05,8.118752e-06,2.9701536e-05,0.49999999811978396,0.5197958028646382
173,5.687896532292478e-05,2.8439483e-05,8.2243e-06,2.9604784e-05,0.5000000020113528,0.5204873824333963
174,5.6498819713109504e-05,2.824941e-05,8.41653e-06,2.9476552e-05,0.4999999900985043,0.5217197889997193
175,5.618930791177458e-05,2.8094653e-05,7.94001e-06,2.9195091e-05,0.4999999886236322,0.5195844558174584
176,5.6028297376459435e-05,2.8014148e-05,7.766623e-06,2.9070827e-05,0.4999999963483668,0.5188597204313765
177,5.576863571496292e-05,2.7884318e-05,8.3216855e-06,2.9099581e-05,0.5000000046168491,0.5217911631587484
178,5.5432539710617656e-05,2.7716269e-05,8.179333e-06,2.8897977e-05,0.49999998384724964,0.5213179370056654
179,5.5180484939745434e-05,2.7590242e-05,8.495991e-06,2.8868726e-05,0.49999999326234384,0.5231691259663399
180,5.491075723683874e-05,2.7455379e-05,8.748602e-06,2.881555e-05,0.49999999940464335,0.524770576661621
181,5.466315307085148e-05,2.7331576e-05,8.471984e-06,2.86145e-05,0.4999999965700371,0.5234696293903578
182,5.454448727990901e-05,2.7272243e-05,8.704501e-06,2.8627672e-05,0.49999998336448537,0.5248499565990578
183,5.441722653325051e-05,2.7208613e-05,8.7633125e-06,2.8585036e-05,0.49999998893049424,0.5252938878000719
184,5.407345993072183e-05,2.7036729e-05,8.7222925e-06,2.8408856e-05,0.49999998361846776,0.5253752300606542
185,5.3587359533318096e-05,2.679368e-05,9.349991e-06,2.8378225e-05,0.49999999228871783,0.5295693782426171
186,5.3220378007873635e-05,2.6610189e-05,9.115054e-06,2.8128035e-05,0.4999999961182593,0.528520023026322
187,5.311361363408686e-05,2.6556807e-05,9.633968e-06,2.8250262e-05,0.5000000018503696,0.5318836447052052
188,5.329545664933242e-05,2.664773e-05,1.0151296e-05,2.8515791e-05,0.5000000145602145,0.535051071763195
189,5.3556745218525005e-05,2.6778373e-05,9.8869405e-06,2.8545277e-05,0.49999999903538683,0.5329912581896784
190,5.343220405944412e-05,2.6716101e-05,9.642867e-06,2.840308e-05,0.4999999858631681,0.5315722950401605
191,5.271229765337182e-05,2.6356149e-05,1.0294727e-05,2.829537e-05,0.49999999830331787,0.5367887753339352
192,5.203909176589718e-05,2.6019547e-05,9.385552e-06,2.7660539e-05,0.5000000131471269,0.5315338493417331
193,5.170718475587454e-05,2.5853593e-05,9.0644335e-06,2.7396574e-05,0.5000000098619325,0.529840764405134
194,5.1612891133755146e-05,2.5806445e-05,1.044726e-05,2.7840939e-05,0.49999998286576425,0.5394183167052414
195,5.165158597701502e-05,2.5825793e-05,1.016491e-05,2.7754224e-05,0.5000000055043446,0.5373353686596551
196,5.158482447861113e-05,2.5792413e-05,1.04285145e-05,2.7820899e-05,0.500000014712963,0.5393233248460064
197,5.121618811852484e-05,2.5608095e-05,1.0354269e-05,2.762219e-05,0.500000014502201,0.5393253938392683
198,5.077039629200544e-05,2.5385198e-05,1.1215219e-05,2.7752285e-05,0.4999999904173694,0.5466233667055515
199,5.0453335170794656e-05,2.5226667e-05,1.0450019e-05,2.730545e-05,0.49999999386768407,0.5412020852674179
200,5.0392168534750874e-05,2.5196085e-05,1.0146162e-05,2.716224e-05,0.5000000067427993,0.5390170762281868
201,5.0254457659391216e-05,2.5127229e-05,9.368072e-06,2.6816757e-05,0.4999999950767011,0.5336194662322308
202,4.9799061813498116e-05,2.4899531e-05,1.1005175e-05,2.7223163e-05,0.5000000044171871,0.5466601532062102
203,4.946902198761517e-05,2.473451e-05,1.0892263e-05,2.7026606e-05,0.4999999918177918,0.5463339544147509
204,4.974919382496743e-05,2.4874596e-05,1.082126e-05,2.7126467e-05,0.4999999901002076,0.545264455907132
205,5.056669258707307e-05,2.5283347e-05,1.0062395e-05,2.721212e-05,0.5000000136904246,0.538143158739633
206,5.082706794711331e-05,2.5413534e-05,9.901313e-06,2.7274233e-05,0.49999999808882445,0.5366084216261661
207,5.0049392527378644e-05,2.5024696e-05,9.582898e-06,2.6796779e-05,0.49999999048718724,0.5354066764490045
208,4.9086242683628134e-05,2.4543122e-05,9.793081e-06,2.6424785e-05,0.5000000130210577,0.5383338226705916
209,4.84926888688824e-05,2.4246345e-05,9.395364e-06,2.600304e-05,0.5000000068132361,0.5362259723024356
210,4.806858224229717e-05,2.403429e-05,1.0027801e-05,2.604235e-05,0.4999999895357468,0.5417748600739974
211,4.794822622375287e-05,2.3974113e-05,1.2513501e-05,2.7043407e-05,0.499999997493814,0.5640126594768231
212,4.79887978489554e-05,2.3994398e-05,1.368391e-05,2.7622102e-05,0.49999998826934366,0.5755947832748212
213,4.8066342105052596e-05,2.4033172e-05,1.2633749e-05,2.715152e-05,0.5000000184565176,0.5648759371891182
214,4.7972234599861775e-05,2.3986117e-05,8.2309125e-06,2.5359055e-05,0.49999998338314583,0.5286194265349915
215,4.771527886018862e-05,2.385764e-05,8.110106e-06,2.5198427e-05,0.5000000006733085,0.5280997631669688
216,4.738828839269529e-05,2.3694145e-05,7.836505e-06,2.495643e-05,0.5000000181543645,0.5266370650160616
217,4.713565587805774e-05,2.3567827e-05,8.003744e-06,2.4889805e-05,0.4999999833986228,0.5280462216282982
218,4.687285442753681e-05,2.3436427e-05,7.883113e-06,2.4726698e-05,0.4999999954389447,0.5275270373768214
219,4.633226042032443e-05,2.316613e-05,7.879258e-06,2.4469417e-05,0.5000000090955589,0.5281291330997367
220,4.5696106365713665e-05,2.2848053e-05,7.609041e-06,2.4081757e-05,0.49999999708229276,0.5269980105942053
221,4.543316379458166e-05,2.2716582e-05,7.3218166e-06,2.3867386e-05,0.5000000012131679,0.525329596577468
222,4.567118715998764e-05,2.2835593e-05,7.3232763e-06,2.398113e-05,0.49999998669009554,0.5250822705532368
223,4.607802812956007e-05,2.3039014e-05,6.9322086e-06,2.4059336e-05,0.5000000028280721,0.5221433568206362
224,4.617795496851215e-05,2.3088978e-05,7.943434e-06,2.4417188e-05,0.500000015413687,0.528762867568362
225,4.5822593151039844e-05,2.2911296e-05,7.440456e-06,2.4089164e-05,0.49999998030647314,0.5257049506578806
226,4.531595555827065e-05,2.2657978e-05,8.130301e-06,2.407251e-05,0.49999999939690387,0.5312148691987845
227,4.495910871357342e-05,2.2479555e-05,8.543115e-06,2.4048184e-05,0.5000000120868572,0.5348901423384037
228,4.471900930848639e-05,2.2359505e-05,8.269428e-06,2.3839693e-05,0.5000000130437287,0.5330997640916418
229,4.450191409423515e-05,2.2250957e-05,9.053163e-06,2.4022174e-05,0.4999999999499267,0.5398009235931185
230,4.4413369626458676e-05,2.2206685e-05,9.018627e-06,2.3968156e-05,0.4999999965903731,0.539660827426477
231,4.460863051037692e-05,2.2304315e-05,1.0447457e-05,2.4629897e-05,0.5000000005573894,0.552132997329644
232,4.493044500788988e-05,2.2465223e-05,9.8111705e-06,2.4514185e-05,0.5000000128809221,0.5456029979946229
233,4.4506727596820444e-05,2.2253364e-05,9.524549e-06,2.4205976e-05,0.49999999482010643,0.543872291674163
234,4.357337289453374e-05,2.1786687e-05,1.0481372e-05,2.4176825e-05,0.5000000192137599,0.5548531867693032
235,4.2722118752242735e-05,2.136106e-05,9.422891e-06,2.3347071e-05,0.5000000177619638,0.5464867297409801
236,4.2160378487459144e-05,2.108019e-05,1.023504e-05,2.3433533e-05,0.5000000174908061,0.5558188476606803
237,4.1662531730708965e-05,2.0831267e-05,1.4898142e-05,2.5610472e-05,0.5000000209513685,0.6147123364152911
238,4.131215737358303e-05,2.0656078e-05,1.07310325e-05,2.3277213e-05,0.499999984580934,0.5634470372965881
239,4.116075672902636e-05,2.0580379e-05,9.5231635e-06,2.2676919e-05,0.5000000151179312,0.5509354222458432
240,4.100363917323533e-05,2.050182e-05,9.971396e-06,2.27981e-05,0.5000000216029769,0.5560018676930023
241,4.096870186723865e-05,2.048435e-05,1.1668339e-05,2.3574536e-05,0.4999999991351288,0.575427936814472
242,4.12772644987317e-05,2.0638632e-05,1.0107215e-05,2.2980621e-05,0.4999999969247326,0.5567379833992029
243,4.16167107773679e-05,2.0808355e-05,1.1566111e-05,2.3806777e-05,0.49999998459826683,0.5720484977266902
244,4.195384074753989e-05,2.097692e-05,1.093068e-05,2.3653985e-05,0.5000000029072695,0.5638097725292875
245,4.194802272937374e-05,2.0974012e-05,1.0933708e-05,2.3652803e-05,0.5000000135166783,0.5638597847169908
246,4.109271269772398e-05,2.0546357e-05,1.0003969e-05,2.2852399e-05,0.5000000063298998,0.5561180344387382
247,4.004363089236769e-05,2.0021815e-05,1.0265922e-05,2.2500273e-05,0.49999997973436483,0.561893931396615
248,3.934753541774631e-05,1.9673767e-05,1.0028829e-05,2.2082448e-05,0.4999999917234259,0.5612155234397382
249,3.899863606844858e-05,1.9499317e-05,9.834786e-06,2.1839103e-05,0.499999978723333,0.559996591798667
250,3.903284950911609e-05,1.9516425e-05,9.376387e-06,2.1651962e-05,0.5000000011591672,0.5547112826147977
251,3.93989369227435e-05,1.9699468e-05,9.21225e-06,2.1747059e-05,0.4999999853580138,0.5519706997164128
252,3.9272895914521694e-05,1.9636447e-05,8.31565e-06,2.1324635e-05,0.49999998014806346,0.5429860563009566
253,3.844442254513539e-05,1.922221e-05,9.350599e-06,2.1375854e-05,0.4999999809379377,0.5560196397975017
254,3.739783222270763e-05,1.8698916e-05,9.4969855e-06,2.0972417e-05,0.5000000075088367,0.5607923088452069
255,3.684530656686858e-05,1.8422654e-05,8.556992e-06,2.031296e-05,0.5000000123514078,0.5513038742872574
256,3.65325230034288e-05,1.826626e-05,1.0285588e-05,2.0963053e-05,0.4999999771675564,0.5738189097577773
257,3.58743970222709e-05,1.7937198e-05,9.515854e-06,2.0305037e-05,0.49999999156482333,0.5660035687615633
258,3.517875347333797e-05,1.7589377e-05,1.0300492e-05,2.0383482e-05,0.49999999360641806,0.5794259451017933
259,3.4759853606478284e-05,1.7379927e-05,1.1153923e-05,2.0651194e-05,0.5000000102028884,0.5941105016449004
260,3.4594074148472614e-05,1.7297038e-05,1.1331575e-05,2.06783e-05,0.5000000160583445,0.5977411204760551
261,3.4647903421401153e-05,1.7323951e-05,1.02768245e-05,2.0142801e-05,0.4999999909453153,0.5813569967535341
262,3.476473846182261e-05,1.738237e-05,9.052239e-06,1.959821e-05,0.500000023867509,0.5637381746129897
263,3.4817135847966166e-05,1.7408567e-05,1.0007883e-05,2.0080237e-05,0.499999977656571,0.5767343133570907
264,3.450157124314853e-05,1.7250786e-05,1.0199956e-05,2.0040676e-05,0.5000000163650995,0.5808626973700324
265,3.403465806597697e-05,1.701733e-05,1.00264115e-05,1.9751416e-05,0.5000000228355089,0.5803324471361032
266,3.3707619002020446e-05,1.685381e-05,1.0256454e-05,1.9729312e-05,0.5000000129868514,0.585307198424619
267,3.363112347222886e-05,1.6815562e-05,9.042149e-06,1.90925e-05,0.5000000092908962,0.5677033132754555
268,3.378981965216175e-05,1.689491e-05,9.146286e-06,1.921178e-05,0.5000000052755034,0.5685671202825934
269,3.4058009243986224e-05,1.7029004e-05,8.7810695e-06,1.9159703e-05,0.4999999842088852,0.5625608546470573
270,3.425252782146812e-05,1.7126264e-05,7.800145e-06,1.8818904e-05,0.49999999176304033,0.5494165075136028
271,3.406832677407393e-05,1.7034163e-05,7.5242797e-06,1.8621962e-05,0.49999998095270903,0.5466063053214862
272,3.329486808819521e-05,1.6647435e-05,6.8347754e-06,1.7995866e-05,0.5000000190089282,0.5404996958117284
273,3.217799456028372e-05,1.6088998e-05,6.87218e-06,1.7495218e-05,0.5000000116231392,0.5437013270509837
274,3.123015786385877e-05,1.5615078e-05,6.9435946e-06,1.70893e-05,0.49999997512090544,0.5472050451818106
275,3.0604456710755356e-05,1.5302228e-05,7.0496544e-06,1.6848022e-05,0.4999999997735101,0.5505087730756241
276,3.017057080258488e-05,1.5085286e-05,7.481667e-06,1.6838681e-05,0.5000000088312894,0.5581161030753222
277,2.9491321136044978e-05,1.474566e-05,7.074441e-06,1.6354883e-05,0.4999999921736141,0.554565965281798
278,2.8877614361986084e-05,1.4438807e-05,7.384325e-06,1.6217502e-05,0.49999998782041083,0.5615942430792507
279,2.8547662182572318e-05,1.4273831e-05,7.502258e-06,1.6125327e-05,0.49999999178744337,0.5648562886653088
280,2.8286870806321267e-05,1.4143436e-05,7.917496e-06,1.6208749e-05,0.5000000102092715,0.5730131520564671
281,2.7863878872488804e-05,1.3931939e-05,7.890161e-06,1.6011045e-05,0.49999998669496787,0.5746165110942468
282,2.7418994102913964e-05,1.3709497e-05,7.594223e-06,1.5672347e-05,0.4999999861004163,0.5715872419866412
283,2.729032838395424e-05,1.36451645e-05,7.5083185e-06,1.557451e-05,0.5000000102648839,0.5706970255235667
284,2.716623180533308e-05,1.3583116e-05,7.909941e-06,1.5718404e-05,0.5000000041376212,0.5786008211100013
285,2.6622894220103167e-05,1.3311447e-05,7.494651e-06,1.527627e-05,0.5000000040985347,0.5738019850273393
286,2.6143445997379822e-05,1.3071723e-05,7.663468e-06,1.5152514e-05,0.49999998496690984,0.5795912940712469
287,2.5890523157909244e-05,1.2945262e-05,8.079653e-06,1.525977e-05,0.5000000129742643,0.589395950198358
288,2.5817103673290957e-05,1.2908552e-05,7.1425975e-06,1.4752877e-05,0.5000000055611186,0.5714381196421023
289,2.5837358766684465e-05,1.2918679e-05,7.129669e-06,1.4755489e-05,0.4999999930480302,0.5710912396154169
290,2.5733485793375066e-05,1.28667425e-05,7.0581964e-06,1.467553e-05,0.4999999849258439,0.5702892421216853
291,2.5478290346245716e-05,1.2739145e-05,7.277511e-06,1.4671332e-05,0.49999999122660366,0.5758365919898346
292,2.5243124046353283e-05,1.2621562e-05,7.5187113e-06,1.4691319e-05,0.4999999926075341,0.581992898790915
293,2.506567606056706e-05,1.2532838e-05,7.670937e-06,1.46940565e-05,0.49999999479934726,0.5862222300257284
294,2.4939247791190388e-05,1.24696235e-05,7.535515e-06,1.4569678e-05,0.4999999829619453,0.5842067804883478
295,2.4820003170257344e-05,1.2410002e-05,7.5314174e-06,1.4516556e-05,0.49999999840352677,0.5848732489586064
296,2.473397076879628e-05,1.2366985e-05,7.5157777e-06,1.44716705e-05,0.4999999915175895,0.5850928929327636
297,2.46629677016953e-05,1.2331484e-05,8.282242e-06,1.4854663e-05,0.500000004361105,0.6023063994929704
298,2.4441388374538836e-05,1.2220694e-05,8.548393e-06,1.4913765e-05,0.4999999866635872,0.6101848529587149
299,2.4150374583283514e-05,1.2075187e-05,9.268275e-06,1.5222059e-05,0.5000000062238941,0.6303032305554944
300,2.403216910266651e-05,1.2016085e-05,9.376268e-06,1.5241414e-05,0.5000000119389083,0.6342088394353969
301,2.4050516244441996e-05,1.2025258e-05,8.64516e-06,1.4810321e-05,0.4999999949935462,0.6158005388535973
302,2.39976541770266e-05,1.1998827e-05,9.751675e-06,1.5461792e-05,0.5000000036575107,0.6443043059065492
303,2.3892447219341066e-05,1.1946224e-05,9.025589e-06,1.4972426e-05,0.5000000088753278,0.6266593548684086
304,2.3932626147402997e-05,1.1966313e-05,8.943575e-06,1.4939216e-05,0.4999999860857349,0.624219681498695
305,2.367307890497186e-05,1.183654e-05,8.497496e-06,1.4570899e-05,0.5000000091960489,0.6155050287192154
306,2.3134850893603585e-05,1.1567426e-05,7.980761e-06,1.4053395e-05,0.5000000085626888,0.6074556033064512
307,2.2778815829284836e-05,1.13894075e-05,7.3556675e-06,1.3558188e-05,0.4999999826063734,0.595210382155098
308,2.2567165417642823e-05,1.1283582e-05,8.612548e-06,1.41949e-05,0.4999999842290915,0.6290067935623872
309,2.2222602972236145e-05,1.1111301e-05,8.662575e-06,1.4089046e-05,0.4999999924813174,0.6339962113077273
310,2.177668675260386e-05,1.0888343e-05,9.210062e-06,1.4261179e-05,0.49999999375778864,0.654882858813923
311,2.1426358985709494e-05,1.0713179e-05,9.2211085e-06,1.4135099e-05,0.49999998205129226,0.6597060785241237
312,2.1109542887913373e-05,1.05547715e-05,8.718514e-06,1.3689985e-05,0.5000000029664362,0.6485211618838832
313,2.0717245939876708e-05,1.0358623e-05,8.194096e-06,1.3207735e-05,0.499999982299601,0.6375236770451627
314,2.0355127431731485e-05,1.0177564e-05,8.110574e-06,1.3014e-05,0.5000000157266982,0.6393474936024357
315,2.011189161544213e-05,1.00559455e-05,8.414747e-06,1.3112209e-05,0.49999998444939137,0.651962978572083
316,1.9852756076697167e-05,9.926378e-06,8.740446e-06,1.3226048e-05,0.49999999657030253,0.6662071676122884
317,1.9650517445608798e-05,9.8252585e-06,7.75754e-06,1.2518591e-05,0.4999999902049765,0.6370616295511264
318,1.9641563202079016e-05,9.820782e-06,7.778228e-06,1.2527913e-05,0.5000000201799358,0.6378266768904371
319,1.9699894860685185e-05,9.849948e-06,7.4520462e-06,1.2351294e-05,0.5000000123431549,0.6269725676127373
320,1.9675475907987112e-05,9.837738e-06,7.4506943e-06,1.2340743e-05,0.49999998745324326,0.6272144405645537
321,1.9333151223995128e-05,9.666575e-06,8.257904e-06,1.2713601e-05,0.49999998653775724,0.6576062398776656
322,1.8952490227163928e-05,9.476245e-06,8.871943e-06,1.2981163e-05,0.5000000148744572,0.6849318033214158
323,1.8771766293985487e-05,9.3858835e-06,1.0016713e-05,1.3726956e-05,0.5000000166152333,0.7312554410254116
324,1.8749116830276183e-05,9.374558e-06,1.275175e-05,1.582686e-05,0.5000000008387303,0.8441389317959802
325,1.8751649483221416e-05,9.375824e-06,1.4163741e-05,1.6985807e-05,0.4999999843148574,0.9058300038629836
326,1.8752831286388778e-05,9.376416e-06,1.3256757e-05,1.6237573e-05,0.49999999871220385,0.8658731292707992
327,1.8754905966844168e-05,9.377453e-06,1.2529406e-05,1.5650006e-05,0.5000000196789685,0.834448672637712
328,1.872924671568522e-05,9.364623e-06,1.0035763e-05,1.37263505e-05,0.4999999868066646,0.7328832133524888
329,1.8692593397029013e-05,9.346297e-06,9.326532e-06,1.3203691e-05,0.5000000050279886,0.7063595144852222
330,1.87397556245861e-05,9.369878e-06,1.1334238e-05,1.4705766e-05,0.5000000191483378,0.7847362877197746
331,1.871064325532872e-05,9.355322e-06,1.41685905e-05,1.6978545e-05,0.500000004316366,0.9074271304536464
332,1.8518778673187254e-05,9.259389e-06,1.3678482e-05,1.6517783e-05,0.499999988130125,0.8919477283454116
333,1.8294424546758352e-05,9.147212e-06,1.2612927e-05,1.5580674e-05,0.49999998725743955,0.8516624149368752
334,1.8092798885287806e-05,9.046399e-06,9.912619e-06,1.34200345e-05,0.49999998106425875,0.741733471155076
335,1.7916312221122067e-05,8.958156e-06,9.089183e-06,1.2761733e-05,0.5000000097976354,0.7122968723976449
336,1.7813695432870135e-05,8.906848e-06,8.580342e-06,1.2367466e-05,0.5000000188370597,0.6942673037101008
337,1.7786902951540512e-05,8.893451e-06,8.315775e-06,1.2175615e-05,0.4999999842167767,0.6845269684996553
338,1.7802559703119965e-05,8.90128e-06,7.328411e-06,1.1529892e-05,0.5000000153836571,0.6476535902884908
339,1.788580569183188e-05,8.942903e-06,8.198496e-06,1.2132224e-05,0.5000000170268625,0.6783157484054116
340,1.807827746232383e-05,9.039139e-06,9.215403e-06,1.2908511e-05,0.4999999929571375,0.7140343475675685
341,1.8377370465397864e-05,9.188685e-06,9.782752e-06,1.3421407e-05,0.4999999872649506,0.7303224894372624
342,1.873137631209695e-05,9.365688e-06,9.09649e-06,1.3056119e-05,0.49999999855796384,0.6970186865627015
343,1.9007933086099556e-05,9.503967e-06,8.827965e-06,1.29714435e-05,0.5000000132023944,0.682422622180369
344,1.916949121792621e-05,9.584745e-06,9.402095e-06,1.3426345e-05,0.4999999883129015,0.7004017186319773
345,1.932993794131314e-05,9.664969e-06,9.53105e-06,1.3573966e-05,0.5000000110414264,0.7022249957597878
346,1.9620427367534677e-05,9.810214e-06,9.358235e-06,1.3557908e-05,0.4999999992458397,0.6910097979239196
347,2.0039966650288398e-05,1.0019983e-05,7.056553e-06,1.2255407e-05,0.4999999920070679,0.6115482505264135
348,2.0538157835779788e-05,1.0269079e-05,7.084281e-06,1.2475617e-05,0.5000000143136786,0.6074360290984655
349,2.113046037595374e-05,1.056523e-05,7.4158797e-06,1.2908112e-05,0.4999999809836427,0.6108769783109459
350,2.179846553349823e-05,1.0899233e-05,8.320198e-06,1.37120005e-05,0.49999999328771383,0.629035125806759
351,2.242644452570683e-05,1.1213222e-05,1.0345755e-05,1.5256835e-05,0.49999998934047424,0.680305544683973
352,2.2960466608821223e-05,1.1480233e-05,1.1149952e-05,1.6003662e-05,0.49999999969179376,0.697009423106617
353,2.355091678011235e-05,1.1775458e-05,1.01771475e-05,1.5563925e-05,0.4999999836930966,0.6608627884961076
354,2.420960575871152e-05,1.2104803e-05,9.621381e-06,1.5462769e-05,0.5000000181155037,0.6387038628111549
355,2.4780675739659564e-05,1.2390338e-05,8.824115e-06,1.5211361e-05,0.500000016150572,0.6138396261909571
356,2.539351430187058e-05,1.2696757e-05,8.616752e-06,1.5344576e-05,0.4999999956124859,0.6042714709881527
357,2.619482642303718e-05,1.3097413e-05,9.01177e-06,1.5898246e-05,0.49999999583870197,0.6069231166345019
358,2.7179788501101867e-05,1.35898945e-05,9.095578e-06,1.635282e-05,0.5000000084081412,0.6016536971433649
359,2.804132781924696e-05,1.4020664e-05,9.24955e-06,1.6796821e-05,0.5000000000723174,0.5990023407245357
360,2.8651638280683502e-05,1.4325819e-05,7.898439e-06,1.6358925e-05,0.5000000088175711,0.5709594895566545
361,2.929877336995353e-05,1.4649387e-05,9.207692e-06,1.7302778e-05,0.5000000000025187,0.5905632342295191
362,3.0061664083649642e-05,1.5030832e-05,9.14004e-06,1.7591654e-05,0.5000000119463816,0.58518563169136
363,3.0853724416041447e-05,1.5426862e-05,8.3890645e-06,1.7560309e-05,0.4999999888628522,0.5691471416641077
364,3.1641314615176594e-05,1.5820657e-05,7.998385e-06,1.7727587e-05,0.4999999807774416,0.5602670805627026
365,3.268135343658728e-05,1.6340677e-05,7.3403903e-06,1.7913655e-05,0.4999999984000339,0.5481307579086936
366,3.35697217837315e-05,1.6784861e-05,6.9463294e-06,1.8165436e-05,0.5000000075532025,0.5411256018434383
367,3.3749081952339566e-05,1.6874541e-05,7.3833558e-06,1.8419123e-05,0.4999999995504616,0.5457666405890652
368,3.3336076971951207e-05,1.6668038e-05,4.783222e-06,1.7340783e-05,0.49999999652015814,0.5201806595453984
369,3.3212272720061994e-05,1.6606136e-05,5.472624e-06,1.7484661e-05,0.49999999944443013,0.5264518052450455
370,3.3786047160158196e-05,1.6893024e-05,5.728428e-06,1.7837858e-05,0.5000000039142964,0.5279652175844888
371,3.491169855436119e-05,1.745585e-05,6.422931e-06,1.860002e-05,0.5000000194612145,0.5327732687747764
372,3.620894268653245e-05,1.810447e-05,7.891353e-06,1.9749565e-05,0.4999999809942813,0.5454333434320845
373,3.731846571212736e-05,1.8659233e-05,7.171906e-06,1.9990079e-05,0.5000000124141383,0.5356618592187835
374,3.836534931901217e-05,1.9182675e-05,5.864975e-06,2.0059237e-05,0.5000000037936723,0.5228477534996119
375,3.9157455407785956e-05,1.9578727e-05,6.013204e-06,2.0481337e-05,0.49999998217380376,0.523050760562765
376,3.969440840879982e-05,1.9847204e-05,4.71125e-06,2.0398711e-05,0.5000000045462257,0.513893817184492
377,4.083934982634153e-05,2.0419675e-05,4.2213214e-06,2.0851443e-05,0.49999999994572475,0.510572353805114
378,4.3057202866524555e-05,2.1528602e-05,4.043811e-06,2.1905093e-05,0.5000000083303185,0.5087439759757371
379,4.522917275921114e-05,2.2614586e-05,5.405042e-06,2.3251538e-05,0.4999999862915532,0.5140827528469315
380,4.787155990595799e-05,2.393578e-05,5.779124e-06,2.4623561e-05,0.4999999928149394,0.514367223018105
381,5.2003556997867266e-05,2.6001779e-05,5.7346588e-06,2.6626658e-05,0.5000000034552573,0.5120160901397727
382,5.646819840226883e-05,2.8234099e-05,4.58464e-06,2.8603903e-05,0.49999999401765705,0.5065488869199108
383,5.965719455871281e-05,2.9828598e-05,4.9571627e-06,3.0237703e-05,0.5000000068771777,0.506857608408709
384,6.310258154444732e-05,3.155129e-05,4.630987e-06,3.188934e-05,0.5000000133261967,0.5053571359420832
